Threads,S0,K,r,sigma,T,N_steps,N_paths,Prix,Temps
1,100,100,0.05,0.2,1,50,10000,6.07636,0.302948
2,100,100,0.05,0.2,1,50,10000,6.22461,0.331494
4,100,100,0.05,0.2,1,50,10000,6.18365,0.287817
8,100,100,0.05,0.2,1,50,10000,6.20796,0.230408
16,100,100,0.05,0.2,1,50,10000,5.93546,0.234346
